_id,İLÇE ADI,KATSAYISI,TOPLAM YAPI SAYISI
1,ALİAĞA,1,8096
2,ALİAĞA,2,4927
3,ALİAĞA,3,2240
4,ALİAĞA,4,1386
5,ALİAĞA,5,1190
6,ALİAĞA,6,560
7,ALİAĞA,7,375
8,ALİAĞA,8,76
9,ALİAĞA,9,51
10,ALİAĞA,10,7
11,ALİAĞA,11,27
12,ALİAĞA,12,1
13,ALİAĞA,13,1
14,ALİAĞA,14,1
15,BALÇOVA,1,882
16,BALÇOVA,2,423
17,BALÇOVA,3,854
18,BALÇOVA,4,2735
19,BALÇOVA,5,1147
20,BALÇOVA,6,351
21,BALÇOVA,7,258
22,BALÇOVA,8,98
23,BALÇOVA,9,94
24,BALÇOVA,10,34
25,BALÇOVA,11,25
26,BALÇOVA,12,7
27,BALÇOVA,13,6
28,BALÇOVA,24,1
29,BALÇOVA,28,1
30,BALÇOVA,29,1
31,BAYINDIR,1,12027
32,BAYINDIR,2,6824
33,BAYINDIR,3,637
34,BAYINDIR,4,302
35,BAYINDIR,5,201
36,BAYINDIR,6,37
37,BAYINDIR,7,8
38,BAYINDIR,8,1
39,BAYINDIR,11,1
40,BAYRAKLI,1,6859
41,BAYRAKLI,2,6280
42,BAYRAKLI,3,7507
43,BAYRAKLI,4,6398
44,BAYRAKLI,5,3034
45,BAYRAKLI,6,1154
46,BAYRAKLI,7,373
47,BAYRAKLI,8,499
48,BAYRAKLI,9,479
49,BAYRAKLI,10,192
50,BAYRAKLI,11,199
51,BAYRAKLI,12,60
52,BAYRAKLI,13,21
53,BAYRAKLI,14,26
54,BAYRAKLI,15,16
55,BAYRAKLI,16,13
56,BAYRAKLI,17,4
57,BAYRAKLI,18,4
58,BAYRAKLI,19,2
59,BAYRAKLI,21,3
60,BAYRAKLI,22,2
61,BAYRAKLI,23,1
62,BAYRAKLI,26,2
63,BAYRAKLI,27,1
64,BAYRAKLI,30,2
65,BAYRAKLI,31,1
66,BAYRAKLI,33,2
67,BAYRAKLI,34,3
68,BAYRAKLI,35,4
69,BAYRAKLI,36,2
70,BAYRAKLI,40,2
71,BAYRAKLI,44,1
72,BAYRAKLI,48,2
73,BAYRAKLI,55,1
74,BERGAMA,1,23169
75,BERGAMA,2,6995
76,BERGAMA,3,2192
77,BERGAMA,4,1491
78,BERGAMA,5,1057
79,BERGAMA,6,439
80,BERGAMA,7,136
81,BERGAMA,8,27
82,BERGAMA,9,17
83,BERGAMA,10,2
84,BERGAMA,11,2
85,BEYDAĞ,1,2288
86,BEYDAĞ,2,2923
87,BEYDAĞ,3,570
88,BEYDAĞ,4,241
89,BEYDAĞ,5,105
90,BEYDAĞ,6,3
91,BORNOVA,1,11715
92,BORNOVA,2,14004
93,BORNOVA,3,16084
94,BORNOVA,4,12447
95,BORNOVA,5,5709
96,BORNOVA,6,1540
97,BORNOVA,7,604
98,BORNOVA,8,496
99,BORNOVA,9,440
100,BORNOVA,10,178
101,BORNOVA,11,86
102,BORNOVA,12,35
103,BORNOVA,13,17
104,BORNOVA,14,19
105,BORNOVA,15,9
106,BORNOVA,16,18
107,BORNOVA,17,5
108,BORNOVA,18,2
109,BORNOVA,19,3
110,BORNOVA,20,2
111,BORNOVA,21,2
112,BORNOVA,22,4
113,BORNOVA,27,1
114,BORNOVA,28,1
115,BORNOVA,29,1
116,BORNOVA,30,1
117,BORNOVA,31,2
118,BORNOVA,32,1
119,BORNOVA,33,1
120,BORNOVA,35,1
121,BORNOVA,36,1
122,BORNOVA,40,2
123,BORNOVA,46,1
124,BORNOVA,47,1
125,BORNOVA,55,1
126,BUCA,1,10597
127,BUCA,2,10499
128,BUCA,3,10949
129,BUCA,4,13743
130,BUCA,5,8219
131,BUCA,6,2020
132,BUCA,7,548
133,BUCA,8,257
134,BUCA,9,242
135,BUCA,10,292
136,BUCA,11,125
137,BUCA,12,51
138,BUCA,13,42
139,BUCA,14,10
140,BUCA,15,15
141,BUCA,16,3
142,BUCA,17,5
143,BUCA,18,3
144,BUCA,19,1
145,BUCA,20,2
146,BUCA,21,2
147,BUCA,22,1
148,BUCA,35,1
149,BUCA,51,1
150,DİKİLİ,1,7842
151,DİKİLİ,2,26179
152,DİKİLİ,3,5550
153,DİKİLİ,4,693
154,DİKİLİ,5,421
155,DİKİLİ,6,198
156,DİKİLİ,7,79
157,DİKİLİ,8,28
158,DİKİLİ,9,13
159,DİKİLİ,10,8
160,FOÇA,1,5594
161,FOÇA,2,12165
162,FOÇA,3,4588
163,FOÇA,4,331
164,FOÇA,5,38
165,FOÇA,6,12
166,FOÇA,7,1
167,GAZİEMİR,1,3204
168,GAZİEMİR,2,3704
169,GAZİEMİR,3,4091
170,GAZİEMİR,4,2543
171,GAZİEMİR,5,1062
172,GAZİEMİR,6,784
173,GAZİEMİR,7,147
174,GAZİEMİR,8,110
175,GAZİEMİR,9,149
176,GAZİEMİR,10,43
177,GAZİEMİR,11,6
178,GAZİEMİR,12,2
179,GAZİEMİR,15,1
180,GAZİEMİR,16,7
181,GAZİEMİR,17,3
182,GÜZELBAHÇE,1,2437
183,GÜZELBAHÇE,2,2914
184,GÜZELBAHÇE,3,4782
185,GÜZELBAHÇE,4,1365
186,GÜZELBAHÇE,5,184
187,GÜZELBAHÇE,6,138
188,GÜZELBAHÇE,7,15
189,GÜZELBAHÇE,8,1
190,GÜZELBAHÇE,9,1
191,KARABAĞLAR,1,9262
192,KARABAĞLAR,2,9433
193,KARABAĞLAR,3,11940
194,KARABAĞLAR,4,9720
195,KARABAĞLAR,5,6048
196,KARABAĞLAR,6,2682
197,KARABAĞLAR,7,1229
198,KARABAĞLAR,8,627
199,KARABAĞLAR,9,401
200,KARABAĞLAR,10,347
201,KARABAĞLAR,11,69
202,KARABAĞLAR,12,44
203,KARABAĞLAR,13,26
204,KARABAĞLAR,14,29
205,KARABAĞLAR,15,7
206,KARABAĞLAR,16,47
207,KARABAĞLAR,17,16
208,KARABAĞLAR,20,1
209,KARABAĞLAR,25,1
210,KARABURUN,1,3898
211,KARABURUN,2,10928
212,KARABURUN,3,2615
213,KARABURUN,4,124
214,KARABURUN,5,11
215,KARABURUN,6,1
216,KARABURUN,7,1
217,KARŞIYAKA,1,2648
218,KARŞIYAKA,2,2362
219,KARŞIYAKA,3,2191
220,KARŞIYAKA,4,1545
221,KARŞIYAKA,5,5222
222,KARŞIYAKA,6,5745
223,KARŞIYAKA,7,1119
224,KARŞIYAKA,8,356
225,KARŞIYAKA,9,419
226,KARŞIYAKA,10,214
227,KARŞIYAKA,11,201
228,KARŞIYAKA,12,69
229,KARŞIYAKA,13,16
230,KARŞIYAKA,14,18
231,KARŞIYAKA,15,11
232,KARŞIYAKA,16,29
233,KARŞIYAKA,17,19
234,KARŞIYAKA,18,26
235,KARŞIYAKA,19,19
236,KARŞIYAKA,20,2
237,KARŞIYAKA,21,10
238,KARŞIYAKA,22,10
239,KARŞIYAKA,23,13
240,KARŞIYAKA,24,1
241,KARŞIYAKA,25,2
242,KARŞIYAKA,26,5
243,KARŞIYAKA,29,1
244,KARŞIYAKA,32,1
245,KARŞIYAKA,35,1
246,KEMALPAŞA,1,19513
247,KEMALPAŞA,2,9328
248,KEMALPAŞA,3,3737
249,KEMALPAŞA,4,3504
250,KEMALPAŞA,5,1457
251,KEMALPAŞA,6,383
252,KEMALPAŞA,7,109
253,KEMALPAŞA,8,24
254,KEMALPAŞA,9,19
255,KEMALPAŞA,10,7
256,KEMALPAŞA,11,4
257,KEMALPAŞA,12,2
258,KEMALPAŞA,13,1
259,KEMALPAŞA,14,1
260,KEMALPAŞA,15,1
261,KEMALPAŞA,16,1
262,KEMALPAŞA,24,1
263,KEMALPAŞA,61,1
264,KEMALPAŞA,88,1
265,KINIK,1,7690
266,KINIK,2,2026
267,KINIK,3,368
268,KINIK,4,148
269,KINIK,5,92
270,KINIK,6,32
271,KINIK,8,8
272,KINIK,9,1
273,KONAK,1,13809
274,KONAK,2,18960
275,KONAK,3,11883
276,KONAK,4,7086
277,KONAK,5,5369
278,KONAK,6,2440
279,KONAK,7,1028
280,KONAK,8,1068
281,KONAK,9,854
282,KONAK,10,482
283,KONAK,11,110
284,KONAK,12,43
285,KONAK,13,18
286,KONAK,14,12
287,KONAK,15,5
288,KONAK,16,3
289,KONAK,17,2
290,KONAK,18,1
291,KONAK,19,3
292,KONAK,20,3
293,KONAK,21,2
294,KONAK,22,1
295,KONAK,23,4
296,KONAK,24,1
297,KONAK,25,3
298,KONAK,26,3
299,KONAK,27,9
300,KONAK,28,6
301,KONAK,29,1
302,KONAK,30,1
303,KONAK,32,1
304,KONAK,33,1
305,KONAK,36,4
306,KONAK,37,2
307,KONAK,38,3
308,KONAK,40,3
309,KONAK,41,2
310,KONAK,43,1
311,KONAK,44,1
312,KONAK,46,1
313,KONAK,48,2
314,KONAK,50,1
315,KONAK,51,1
316,KONAK,54,2
317,KONAK,61,1
318,KONAK,63,1
319,KONAK,65,1
320,KİRAZ,1,12543
321,KİRAZ,2,5972
322,KİRAZ,3,650
323,KİRAZ,4,253
324,KİRAZ,5,170
325,KİRAZ,6,88
326,KİRAZ,7,10
327,MENDERES,1,19188
328,MENDERES,2,13979
329,MENDERES,3,6683
330,MENDERES,4,1460
331,MENDERES,5,623
332,MENDERES,6,343
333,MENDERES,7,21
334,MENDERES,8,2
335,MENDERES,9,3
336,MENDERES,10,2
337,MENDERES,11,1
338,MENDERES,14,1
339,MENDERES,20,1
340,MENDERES,30,1
341,MENEMEN,1,13726
342,MENEMEN,2,8021
343,MENEMEN,3,4445
344,MENEMEN,4,3024
345,MENEMEN,5,1780
346,MENEMEN,6,553
347,MENEMEN,7,356
348,MENEMEN,8,352
349,MENEMEN,9,200
350,MENEMEN,10,125
351,MENEMEN,11,77
352,MENEMEN,12,59
353,MENEMEN,13,54
354,MENEMEN,14,35
355,MENEMEN,15,15
356,MENEMEN,16,9
357,MENEMEN,17,8
358,MENEMEN,18,1
359,NARLIDERE,1,2114
360,NARLIDERE,2,1770
361,NARLIDERE,3,1171
362,NARLIDERE,4,582
363,NARLIDERE,5,463
364,NARLIDERE,6,261
365,NARLIDERE,7,146
366,NARLIDERE,8,157
367,NARLIDERE,9,141
368,NARLIDERE,10,107
369,NARLIDERE,11,60
370,NARLIDERE,12,33
371,NARLIDERE,13,25
372,NARLIDERE,14,14
373,NARLIDERE,15,3
374,NARLIDERE,18,3
375,NARLIDERE,23,1
376,SEFERİHİSAR,1,7064
377,SEFERİHİSAR,2,15718
378,SEFERİHİSAR,3,8266
379,SEFERİHİSAR,4,1368
380,SEFERİHİSAR,5,671
381,SEFERİHİSAR,6,199
382,SEFERİHİSAR,7,11
383,SEFERİHİSAR,8,1
384,SEFERİHİSAR,12,1
385,SELÇUK,1,4255
386,SELÇUK,2,2450
387,SELÇUK,3,1444
388,SELÇUK,4,721
389,SELÇUK,5,889
390,SELÇUK,6,148
391,SELÇUK,7,120
392,SELÇUK,8,1
393,SELÇUK,9,1
394,SELÇUK,12,1
395,SELÇUK,15,1
396,TORBALI,1,18595
397,TORBALI,2,7700
398,TORBALI,3,4008
399,TORBALI,4,3216
400,TORBALI,5,1300
401,TORBALI,6,912
402,TORBALI,7,750
403,TORBALI,8,172
404,TORBALI,9,146
405,TORBALI,10,38
406,TORBALI,11,58
407,TORBALI,12,7
408,TORBALI,19,1
409,TORBALI,21,2
410,TİRE,1,15251
411,TİRE,2,9279
412,TİRE,3,1526
413,TİRE,4,1008
414,TİRE,5,978
415,TİRE,6,792
416,TİRE,7,107
417,TİRE,8,23
418,TİRE,9,40
419,TİRE,10,3
420,TİRE,11,1
421,TİRE,12,2
422,URLA,1,11375
423,URLA,2,21299
424,URLA,3,7353
425,URLA,4,872
426,URLA,5,80
427,URLA,6,21
428,URLA,8,1
429,URLA,10,3
430,URLA,23,1
431,ÇEŞME,1,4267
432,ÇEŞME,2,30452
433,ÇEŞME,3,6277
434,ÇEŞME,4,613
435,ÇEŞME,5,115
436,ÇEŞME,6,59
437,ÇEŞME,7,14
438,ÇEŞME,8,4
439,ÇEŞME,9,4
440,ÇEŞME,11,2
441,ÇEŞME,21,1
442,ÇEŞME,31,1
443,ÇİĞLİ,1,6045
444,ÇİĞLİ,2,5155
445,ÇİĞLİ,3,5290
446,ÇİĞLİ,4,2325
447,ÇİĞLİ,5,1007
448,ÇİĞLİ,6,792
449,ÇİĞLİ,7,433
450,ÇİĞLİ,8,541
451,ÇİĞLİ,9,609
452,ÇİĞLİ,10,301
453,ÇİĞLİ,11,75
454,ÇİĞLİ,12,35
455,ÇİĞLİ,13,11
456,ÇİĞLİ,14,3
457,ÇİĞLİ,15,3
458,ÇİĞLİ,16,2
459,ÇİĞLİ,17,6
460,ÇİĞLİ,19,1
461,ÇİĞLİ,24,2
462,ÇİĞLİ,34,1
463,ÖDEMİŞ,1,23800
464,ÖDEMİŞ,2,14875
465,ÖDEMİŞ,3,2156
466,ÖDEMİŞ,4,1737
467,ÖDEMİŞ,5,2570
468,ÖDEMİŞ,6,628
469,ÖDEMİŞ,7,398
470,ÖDEMİŞ,8,21
471,ÖDEMİŞ,9,7
472,ÖDEMİŞ,33,1
